{
  "feature_columns": [
    "danceability",
    "energy",
    "loudness",
    "speechiness",
    "acousticness",
    "instrumentalness",
    "liveness",
    "valence",
    "tempo",
    "mode",
    "key",
    "loudness_normalized",
    "tempo_normalized",
    "energy_danceability",
    "mood_score",
    "acoustic_ratio",
    "vocal_presence",
    "intensity",
    "chill_factor",
    "track_age_normalized"
  ],
  "n_tracks": 585967,
  "n_features": 20,
  "scaler_mean": [
    0.5639965597038741,
    0.542285842790123,
    -10.1975058766108,
    0.10485809183793628,
    0.44968060534729776,
    0.11320603904141359,
    0.2137471695846353,
    0.5527353013004145,
    118.53472549478043,
    0.6587794193188353,
    5.22194594576145,
    0.8300352016410479,
    0.4741389019791218,
    0.3158416288788923,
    0.5475105720452687,
    0.9299093977337781,
    0.8867939609585863,
    0.6861605222155855,
    0.2687063098132515,
    0.24349630335342567
  ],
  "scaler_scale": [
    0.1655736685391863,
    0.25176362102260896,
    5.069371818231706,
    0.17981053602690714,
    0.3487479117205058,
    0.2665961384591154,
    0.1840143864726682,
    0.2573811295046063,
    29.641216685134655,
    0.4741192845695833,
    3.5191172057686004,
    0.08447550217127235,
    0.11856486674053862,
    0.17805231705684932,
    0.21081398667240925,
    1.9119989633464056,
    0.2665961384591154,
    0.16054404313289034,
    0.278894893986856,
    0.15086789065371756
  ]
}